{
  "H1_consensus_vs_surprise": {
    "rho": 0.40179704084004175,
    "p": 3.065894164062919e-42
  },
  "H2_disagreement_vs_engagement": {
    "rho": 0.14270024926807592,
    "p": 3.2309809620476793e-06
  },
  "H3_quartile_comparison": {
    "low_mean": 2.092790863669165,
    "high_mean": 2.887340301974216,
    "u_stat": 25912.0,
    "p": 1.0,
    "cohens_d": -1.2313050851402478,
    "n_low": 467,
    "n_high": 287
  },
  "H4_llm_only": {
    "rho": 0.35837171484991687,
    "p": 1.813481299603561e-30,
    "n": 960
  }
}